x,y,ideal_function,deviation
-13.1,-4494.98,,
3.4,78.95702,y24,0.3490199999999959

