training,ideal,max_dev,allowed_dev
y1,y13,0.4992209999999999,0.7060051088214588

